# 查询数据

## SELECT

使用数据库时最常见的任务之一是使用 `SELECT` 语句从表中查询数据。`SELECT`语句是 MySQL/PostgreSQL 中最复杂的语句之一

> [!tip] SELECT 语句拥有许多子句，可以使用它们来形成灵活的查询
>
> `DISTINCT` 子句：用于选择不同行，即去重
> 
> `ORDER BY` 子句：排序
> 
> `WHERE` 子句：过滤数据
> 
> `LIMIT` 和 `FETCH` 子句：选择子集
> 
> `GROUP BY` 子句：分组
> 
> `HAVING` 子句：过滤分组
> 
> `JOIN` 子句：连接其他表
> 
> `UNION` `INTERSECT` `EXCEPT` 子句：集合操作

现在，学习最简单的 `SELECT` 子句。从单表查询的 `SELECT` 语句的基本形式开始。下面说明了 `SELECT` 语句的语法

```sql
SELECT 
	select_columns_list -- 指定的选择列，多列之间使用逗号(,)隔开
FROM 
	table_name; -- 要在那张表中查询数据
```

> [!tip] 
> 
> + `FROM`子句是可选的。如果不从任何表查询数据，则可以省略 `SELECT`语句中的 `FROM` 子句
> 
> + `select_columns_list` 从 `table_name` 表中的所有列中 **选出的列名**，可以使用星号 ( `*` ) 代表选择所有列。此外，还可以包含 **表达式** 或 **文字值** 
>   

MySQL/PostgreSQL 的 SELECT 语句中的 **`FROM` 子句先于 `SELECT` 子句执行**

![[Pasted image 20241225192550.png]]

> [!attention] 
> 
> **SQL 关键字不区分大小写**。这意味着`SELECT`相当于`select`或`Select` 。按照惯例，我们将 SQL 关键字大写，以使查询更易于阅读
> 

### 示例

我们将使用示例数据库中的 **员工表** 进行演示。该表有 **八列**：`employeeNumber`, `lastName`, `firstName`, `extension`, `email`, `officeCode`, `reportsTo` 和 `jobTitle`。同时，该表也有很多 **行**

![[Pasted image 20241225214314.png]]

如果需要 **查询表中的一列**，例如，使用 `SELECT` 语句检索所有员工的姓氏：

```sql
mysql> use classicmodels  # 选择数据库
Database changed
mysql> SELECT lastName FROM employees;  # 查询所有员工的姓氏
+-----------+
| lastName  |
+-----------+
| Murphy    |
| Patterson |
| Firrelli  |
....
| Nishi     |
| Kato      |
| Gerard    |
+-----------+
23 rows in set (0.00 sec)
```

> [!tip] 
> 
> SELECT 语句的结果称为 **结果集**，因为它是查询产生的一组行。也可以理解为一张全新的表
> 

如果需要 **查询表中的多列**，例如，使用 `SELECT` 语句检索员工的名字、姓氏和职务

```sql
mysql> SELECT lastName,firstName,jobTitle FROM employees;
+-----------+-----------+----------------------+
| lastName  | firstName | jobTitle             |
+-----------+-----------+----------------------+
| Murphy    | Diane     | President            |
| Patterson | Mary      | VP Sales             |
| Firrelli  | Jeff      | VP Marketing         |
....
| Nishi     | Mami      | Sales Rep            |
| Kato      | Yoshimi   | Sales Rep            |
| Gerard    | Martin    | Sales Rep            |
+-----------+-----------+----------------------+
23 rows in set (0.00 sec)
```

即使员工表有很多列，`SELECT` 语句也会返回 `SELECT` 子句中指定的姓氏、名字和职位三列的数据

如果需要 **查询所有列**，可以列出所有的列名。但是，跟简单的就是使用星号(`*`)

```sql
-- 列出所有列名
SELECT employeeNumber,
       lastName,
       firstName,
       extension,
       email,
       officeCode,
       reportsTo,
       jobTitle
FROM   employees; 

-- 使用星号
SELECT * 
FROM employees;
```

> [!tip] 
> 
> `SELECT *` 通常称为 **“全选”**，因为它从表的所有列中选择数据。实际上，应该仅将 `SELECT *` 用于临时查询
> 
> 在编程语言的代码中嵌入 SELECT 语句时，则应该显示指定列名
> 

## AS：别名

默认情况下，**MySQL/PostgreSQL 使用 `SELECT` 子句中指定的表达式作为结果集的列名**。要更改结果集的列名，可以使用 **列别名**

```sql
SELECT expression AS column_alias;
```

要为列分配别名， **AS 关键字放在表达式后面，后跟列别名**。 **AS 关键字是可选的**，因此可以像这样跳过它

```sql
SELECT expression column_alias;
```

### 示例

以下查询选择员工的名字和姓氏。它使用 `CONCAT_WS()` 函数将名字和姓氏连接成全名

```sql
mysql> SELECT CONCAT_WS(',', lastName, firstName) AS fullName
    -> FROM employees;
+-------------------+
| fullName          |
+-------------------+
| Murphy,Diane      |
| Patterson,Mary    |
...
| Gerard,Martin     |
+-------------------+
23 rows in set (0.00 sec)
```

## ORDER BY

当使用 `SELECT` 语句从表中查询数据时，结果集中的行顺序是未指定的。要对结果集中的行进行排序，请将 `ORDER BY` 子句添加到 `SELECT` 语句中。下面说明了 `ORDER BY` 子句的语法

```sql hl:5-8
SELECT 
   select_columns_list
FROM 
   table_name
ORDER BY 
   column1 [ASC|DESC], 
   column2 [ASC|DESC],
   ...;
```

在 `ORDER BY` 子句之后指定要排序的一列或多列。`ASC` 代表上升，`DESC` 代表下降。也就是说，使用 `ASC` 对结果集进行升序排序，使用 `DESC` 对结果集进行降序排序

```sql
ORDER BY column1 ASC;  -- 对 column1 的值进行升序排序

ORDER BY column1 DESC;  -- 对 column1 的值进行降序排序
```

如果要 **按多列对结果集进行排序**，在 `ORDER BY` 子句中指定以逗号分隔的列列表

```sql
ORDER BY
   column1,  -- 先对 column1 进行升序排列
   column2;  -- 再对 column1 结果相同的部分，再进行升序排列
```

> [!tip] 
> 
> 在这种情况下，ORDER BY 子句首先对结果集按 `column1` 升序排序，然后对排序后的结果集按 `column2` 升序排序
> 

可以按一列按升序对结果集进行排序，然后按另一列按降序排序

```sql
ORDER BY
    column1 ASC,   -- 先对 column1 进行升序排列
    column2 DESC;  -- 再对 column1 结果相同的部分，再进行降序排列
```

当执行带有 `ORDER BY` 子句的 `SELECT` 语句时，MySQL/PostgreSQL 总是在 `FROM` 和 `SELECT` 子句之后计算 `ORDER BY` 子句

![[Pasted image 20241225222154.png]]

由于计算顺序的原因，如果 `SELECT`子句中有列别名，则可以在 `ORDER BY`子句中使用它

### 示例

我们将使用示例数据库中的 **客户表** 进行演示。下表列出来示例数据库中客户表的字段

![[Pasted image 20241225222357.png]]

下面的 SQL 语句按客户的姓氏升序对客户进行排序

```sql
mysql> SELECT contactLastname,contactFirstname 
	-> FROM customers 
	-> ORDER BY contactLastname;
+-----------------+------------------+
| contactLastname | contactFirstname |
+-----------------+------------------+
| Accorti         | Paolo            |
| Altagar,G M     | Raanan           |
| Andersen        | Mel              |
...
| Young           | Mary             |
| Young           | Julie            |
| Young           | Jeff             |
+-----------------+------------------+
122 rows in set (0.01 sec)
```

如果想 **按姓氏降序** 对客户进行排序，在 `ORDER BY` 子句中的 `contactLastname` 列后使用 `DESC`，如以下查询所示

```sql
mysql> SELECT contactLastname,contactFirstname 
	-> FROM customers 
	-> ORDER BY contactLastname DESC;
+-----------------+------------------+
| contactLastname | contactFirstname |
+-----------------+------------------+
| Young           | Jeff             |
| Young           | Dorothy          |
| Young           | Julie            |
....
| Andersen        | Mel              |
| Altagar,G M     | Raanan           |
| Accorti         | Paolo            |
+-----------------+------------------+
122 rows in set (0.00 sec)
```

如果想 **按姓氏降序** 对客户进行排序，然后 **按名升序** 对客户进行排序，请在相应的列中指定 `DESC` 和 `ASC`

```sql
mysql> SELECT contactLastname,contactFirstname
    -> FROM customers
    -> ORDER BY contactLastname DESC, contactFirstname ASC;
+-----------------+------------------+
| contactLastname | contactFirstname |
+-----------------+------------------+
| Young           | Dorothy          |
| Young           | Jeff             |
| Young           | Julie            |
....
| Andersen        | Mel              |
| Altagar,G M     | Raanan           |
| Accorti         | Paolo            |
+-----------------+------------------+
122 rows in set (0.03 sec)
```

下面的 SQL 语句从 `orderdetails` 表中选择订单行项目。它计算 **每个行项目的小计**，并根据小计对结果集 **进行排序**

```sql
mysql> DESC orderdetails;
+-----------------+---------------+------+-----+---------+-------+
| Field           | Type          | Null | Key | Default | Extra |
+-----------------+---------------+------+-----+---------+-------+
| orderNumber     | int           | NO   | PRI | NULL    |       |
| productCode     | varchar(15)   | NO   | PRI | NULL    |       |
| quantityOrdered | int           | NO   |     | NULL    |       |
| priceEach       | decimal(10,2) | NO   |     | NULL    |       |
| orderLineNumber | smallint      | NO   |     | NULL    |       |
+-----------------+---------------+------+-----+---------+-------+
5 rows in set (0.04 sec)

mysql> SELECT orderNumber,orderlinenumber,quantityOrdered * priceEach
    -> FROM orderdetails
    -> ORDER BY quantityOrdered * priceEach DESC;
+-------------+-----------------+-----------------------------+
| orderNumber | orderlinenumber | quantityOrdered * priceEach |
+-------------+-----------------+-----------------------------+
|       10403 |               9 |                    11503.14 |
|       10405 |               5 |                    11170.52 |
|       10407 |               2 |                    10723.60 |
....
|       10322 |               3 |                      531.00 |
|       10420 |               3 |                      529.35 |
|       10419 |               7 |                      481.50 |
+-------------+-----------------+-----------------------------+
2996 rows in set (0.01 sec)
```

为了使查询更具可读性，可以为 `SELECT` 子句中的表达式分配列别名，并在 `ORDER BY` 子句中使用 **列别名**，如以下查询所示：

```sql
mysql> SELECT orderNumber,orderlinenumber,quantityOrdered * priceEach AS subtotal
    -> FROM orderdetails
    -> ORDER BY subtotal DESC;
+-------------+-----------------+----------+
| orderNumber | orderlinenumber | subtotal |
+-------------+-----------------+----------+
|       10403 |               9 | 11503.14 |
|       10405 |               5 | 11170.52 |
|       10407 |               2 | 10723.60 |
...
|       10322 |               3 |   531.00 |
|       10420 |               3 |   529.35 |
|       10419 |               7 |   481.50 |
+-------------+-----------------+----------+
2996 rows in set (0.01 sec)
```

> [!tip] 
> 
> 由于 MySQL/PostgreSQL 在 `ORDER BY` 子句之前评估 `SELECT` 子句，因此可以在 `ORDER BY` 子句中使用 `SELECT` 子句中指定的列别名
> 

## FIELD()：自定义列表排序

**MySQL 独有** 的 `FIELD()` 函数返回值列表中值的索引

```sql
FIELD(value, value1, value2, ...)
```

> [!tip] 
> 
> `value`：要查找其位置的值
> 
> `value1 ...`：要与指定值进行比较的值列表
> 

`FIELD()` 函数返回值在值列表 `value1` `value2` 等中的位置。如果在列表中未找到该值，则 `FIELD()` 函数返回 $0$

例如，以下查询返回 $1$，因为字符串 `"A"` 的位置是列表 `"A" "B"` 和 `"C"` 中的第一个位置：

```sql
mysql> SELECT FIELD('A', 'A', 'B','C');
+--------------------------+
| FIELD('A', 'A', 'B','C') |
+--------------------------+
|                        1 |
+--------------------------+
1 row in set (0.00 sec)
```

以下示例返回 $2$，因为 `"B"` 在列表中具有第二个位置

```sql
mysql> SELECT FIELD('B', 'A','B','C');
+-------------------------+
| FIELD('B', 'A','B','C') |
+-------------------------+
|                       2 |
+-------------------------+
1 row in set (0.00 sec)
```

### 示例

假设要根据 **销售订单的状态** 按以下顺序对销售订单进行排序

- In Process
- On Hold
- Canceled
- Resolved
- Disputed
- Shipped

为此，可以使用 `FIELD()` 函数将每个订单状态映射到一个数字，并按 `FIELD()` 函数的结果对结果进行排序

```sql
mysql> SELECT orderNumber,status
    -> FROM orders
    -> ORDER BY FIELD(status, 'In Process', 'On Hold', 'Canceled', 'Resolved', 'Disputed', 'Shipped');
+-------------+------------+
| orderNumber | status     |
+-------------+------------+
|       10167 | Cancelled  |
...
|       10262 | Cancelled  |
...
|       10425 | In Process |
|       10334 | On Hold    |
...
|       10414 | On Hold    |
|       10164 | Resolved   |
...
|       10386 | Resolved   |
|       10406 | Disputed   |
...
|       10417 | Disputed   |
|       10100 | Shipped    |
...
|       10419 | Shipped    |
+-------------+------------+
326 rows in set (0.00 sec)
```

##  含 NULL 值的排序

在数据库世界中， `NULL`是一个标记，表示 **数据丢失** 或记录时 **数据未知**。对包含`NULL`的行进行排序。**在 MySQL 中，NULL 位于非 NULL 值之前**。因此，当使用带有 `ASC` 选项的 `ORDER BY` 子句时，`NULL` 将首先出现在结果集中。如果将 `ORDER BY` 与 `DESC` 选项一起使用，则 `NULL` 将出现在结果集中的最后

```sql
mysql> SELECT
    ->   firstName,
    ->   lastName,
    ->   reportsTo
    -> FROM
    ->   employees
    -> ORDER BY
    ->   reportsTo;
+-----------+-----------+-----------+
| firstName | lastName  | reportsTo |
+-----------+-----------+-----------+
| Diane     | Murphy    |      NULL |
| Mary      | Patterson |      1002 |
...
| George    | Vanauf    |      1143 |
| Yoshimi   | Kato      |      1621 |
+-----------+-----------+-----------+
23 rows in set (0.01 sec)

mysql> SELECT
    ->   firstName,
    ->   lastName,
    ->   reportsTo
    -> FROM
    ->   employees
    -> ORDER BY
    ->   reportsTo DESC;
+-----------+-----------+-----------+
| firstName | lastName  | reportsTo |
+-----------+-----------+-----------+
| Yoshimi   | Kato      |      1621 |
| Leslie    | Jennings  |      1143 |
....
| Jeff      | Firrelli  |      1002 |
| Diane     | Murphy    |      NULL |
+-----------+-----------+-----------+
23 rows in set (0.00 sec)
```

在 **PostgreSQL** 中可以使用 `ORDER BY` 子句的 `NULLS FIRST` 或 `NULLS LAST` 选项指定`NULL`与其他非空值的顺序：

```sql
ORDER BY sort_expresssion [ASC | DESC] [NULLS FIRST | NULLS LAST]
```

> [!tip] PostgreSQL 中关于 NULL 值排序
> 
> `NULLS FIRST` 选项将 `NULL` 放置在其他 **非空值之前**
> 
> `NULL LAST` 选项将 `NULL` 放置在其他 **非空值之后**
> 
## SELECT DISTINCT

从表中查询数据时，可能会得到重复的行。要删除这些重复行，请在 `SELECT` 语句中使用 `DISTINCT` 子句。

```sql hl:1
SELECT DISTINCT
    select_colums_list  -- 根据列出的列名组合进行去重
FROM
    table_name
ORDER BY 
    sort_expression;
```

> [!tip] 
> 
> SELECT DISTINCT 从结果集中删除重复的行。 SELECT DISTINCT 子句为每组重复项保留一行
> 

也就是说，`DISTINCT` 采用 `select_colums_list` 列出的所有列评估是否重复的。

### 示例

如果想要查询员工表中所有员工的姓氏

```sql
mysql> SELECT lastName
    -> FROM employees
    -> ORDER BY lastName;
+-----------+
| lastName  |
+-----------+
| Bondur    |
| Bondur    |
...
| Patterson |
| Patterson |
| Patterson |
| Thompson  |
| Tseng     |
| Vanauf    |
+-----------+
23 rows in set (0.00 sec)
```

输出结果显示，一些员工具有相同的姓氏。通过添加 `DISTINCT` 子句来选择唯一的姓氏

```sql
mysql> SELECT DISTINCT lastName
    -> FROM employees
    -> ORDER BY lastName;
+-----------+
| lastName  |
+-----------+
| Bondur    |
| Bott      |
| Bow       |
| Castillo  |
| Firrelli  |
| Fixter    |
| Gerard    |
| Hernandez |
| Jennings  |
| Jones     |
| Kato      |
| King      |
| Marsh     |
| Murphy    |
| Nishi     |
| Patterson |
| Thompson  |
| Tseng     |
| Vanauf    |
+-----------+
19 rows in set (0.00 sec)
```

## SELECT DISTINCT ON：PostgreSQL 独有

**PostgreSQL 独有** 的 DISTINCT ON 子句允许 **根据指定的列检索唯一的行**。以下是 `DISTINCT ON` 子句的基本语法

```sql hl:1-2
SELECT
  DISTINCT ON (column1, column2,...) column1,
  column2,
  ...
FROM
  table_name
ORDER BY
  column1,
  column2,
  ...;
```

`DISTINCT ON` 子句从结果集中的 **每列或列组合** 中检索第一个 **唯一条目**。确定选择哪个唯一条目的关键因素在于 `ORDER BY` 子句中出现的列

### 示例

例如查询员工的姓氏和姓名，**相同姓氏只显示第一个**。使用 `DISTINCT ON` 子句可以方便快捷的查询

```sql
classicmodels=# SELECT DISTINCT  "lastName", "firstName" FROM employees ORDER BY "lastName";  -- 按两列，达不到要求
 lastName  | firstName
-----------+-----------
 Bondur    | Gerard
 Bondur    | Loui
 ...
 Patterson | Mary
 Patterson | Steve
 Patterson | William
 Thompson  | Leslie
 Tseng     | Foon Yue
 Vanauf    | George
(23 行记录)

classicmodels=# SELECT DISTINCT ON ("lastName") "lastName", "firstName" FROM employees ORDER BY "lastName";  -- 指定按 "lastName" 列去重
 lastName  | firstName
-----------+-----------
 Bondur    | Gerard
 Bott      | Larry
 Bow       | Anthony
 Castillo  | Pamela
...
 Patterson | Mary
 Thompson  | Leslie
 Tseng     | Foon Yue
 Vanauf    | George
(19 行记录)
```

## CASE：条件表达式

MySQL/PostgreSQL `CASE`表达式与其他编程语言中的 `IF/ELSE` 语句相同。它允许您向查询添加 `if-else` 逻辑以形成强大的查询

> [!tip] 
> 
> 由于 `CASE` 是一个表达式，因此 **可以在任何需要使用表达式的地方使用它**，例如 `SELECT`   `WHERE`   `GROUP BY` 和 `HAVING` 子句
> 

下面说明了`CASE`语句的一般形式：

```sql
CASE 
      WHEN condition_1  THEN result_1
      WHEN condition_2  THEN result_2
      [WHEN ...]
      [ELSE else_result]
END
```

PostgreSQL 提供了另一种形式的 `CASE` 表达式，称为简单形式，如下所示

```sql
CASE expression  -- 类似于其他编程语言中的 switch
   WHEN value_1 THEN result_1
   WHEN value_2 THEN result_2 
   [WHEN ...]
ELSE
   else_result
END
```
