# 过滤数据

## WHERE

`WHERE` 子句允许为查询返回的行 **指定搜索条件**。下面显示了 WHERE 子句的语法

```sql hl:5-6
SELECT 
    select_columns_list
FROM
    table_name
WHERE
    search_condition;
ORDER BY 
	sort_expression;
```

> [!tip] 
> 
> `WHERE` 子句放在 `SELECT ... FROM ...` 之后。`WHERE` 子句使用 **查询条件** 来过滤从 `SELECT` 子句返回的行
> 

查询条件 `search_condition` 是使用 **逻辑运算符** (`AND` `OR` 和 `NOT`) 和 **比较运算符** 组合的一个或多个表达式，其计算结果为 `TRUE` `FALSE` 或 `UNKNOWN`

`SELECT` 语句将包含结果集中满足 `search_condition` 的任何行。换句话说，**查询将仅包含导致结果集中条件计算为 `TRUE` 的行**

MySQL/PostgreSQL 在 `FROM` 子句之后但在 `SELECT` 和 `ORDER BY` 子句之前计算 `WHERE` 子句

![[Pasted image 20241226230011.png]]

> [!attention] 
> 
> 由于 `WHERE` 在 `SELECT` 之前执行，如果在 `SELECT` 子句中使用列别名，则不能在 `WHERE` 子句中使用它们
> 

要构成 `WHERE` 子句中的 **查询条件**，请使用 **比较运算符** 和 **逻辑运算符**

| 运算符          | 描述                         |
| ------------ | -------------------------- |
| `=`          | 相等                         |
| `>`          | 大于                         |
| `<`          | 小于                         |
| `>=`         | 大于或等于                      |
| `<=`         | 小于或等于                      |
| `<>` or `!=` | 不等于                        |
| `NOT`        | 逻辑 NOT                     |
| `AND`        | 逻辑 AND                     |
| `OR`         | 逻辑 OR                      |
| `IN`         | 如果某个值与列表中的任何值匹配，则返回 `true` |
| `BETWEEN`    | 如果某个值在某个范围内，则返回 `true`     |
| `LIKE`       | 如果值与模式匹配，则返回 `true`        |
| `IS NULL`    | 如果值为 `NULL`，则返回 `true`     |

> [!tip] MySQL 没有内置的布尔类型。相反，它使用 **数字 $0$ 作为 FALSE**，使用 **数字 $1$(或非零)作为 TRUE**
> 

> [!tip] 在 PostgreSQL 中，布尔值可以具有以下三个值之一：`true` `false` 和 `null` 
> 
> +  使用 `true` `'t'` `'true'` `'y'` `'yes'`  和 `'1'` 来表示 `true` 
> + 使用 `false` `'f'` `'false'` `'n'` `'no'` 和 `'0'` 来表示 `false`
> 

### 关系运算符

下表列出了 MySQL/PostgreSQL 支持的关系运算符

| 运算符          | 描述              |
| ------------ | --------------- |
| `=`          | 相等，对 NULL 比较无效  |
| `<=>`        | 安全等于，可用于比较 NULL |
| `>`          | 大于              |
| `<`          | 小于              |
| `>=`         | 大于或等于           |
| `<=`         | 小于或等于           |
| `<>` or `!=` | 不等于             |

> [!attention] 
> 
> 请注意，SQL 中，`=` 表示相等关系。`<=>` 安全等于，可以用于比较 NULL 值
> 

#### 示例

以下查询使用 `WHERE` 子句 **查找职位为销售代表的所有员工**

```sql
mysql> SELECT lastName, firstName, jobtitle
    -> FROM employees
    -> WHERE jobtitle = 'Sales Rep';
+-----------+-----------+-----------+
| lastName  | firstName | jobtitle  |
+-----------+-----------+-----------+
| Jennings  | Leslie    | Sales Rep |
| Thompson  | Leslie    | Sales Rep |
| Firrelli  | Julie     | Sales Rep |
...
| Nishi     | Mami      | Sales Rep |
| Kato      | Yoshimi   | Sales Rep |
| Gerard    | Martin    | Sales Rep |
+-----------+-----------+-----------+
17 rows in set (0.07 sec)
```

### 逻辑运算符

下表列出来 MySQL/PostgreSQL 支持的逻辑运算符

| 运算符   | 描述                       |
| ----- | ------------------------ |
| `NOT` | 逻辑 NOT，类似于 C 语言中的 `!`    |
| `AND` | 逻辑 AND，类似于 C 语言中的 `&&`   |
| `OR`  | 逻辑 OR，类似于 C 语言中的 $\Vert$ |

AND 运算符是一个逻辑运算符，它组合两个或多个布尔表达式并返回 $1$ 、$0$ 或 $\text{NULL}$

```sql
expression1 AND expression2
```

下表说明了 AND 组合 $\text{TRUE}$、$\text{FALSE}$ 和 $\text{NULL}$ 时的结果

| AND       | TRUE  | FALSE | NULL  |
| --------- | ----- | ----- | ----- |
| **TRUE**  | TRUE  | FALSE | NULL  |
| **FALSE** | FALSE | FALSE | FALSE |
| **NULL**  | NULL  | FALSE | NULL  |

> [!tip] `AND` 运算符的结果
> 
> + 仅当两个表达式都为 `true` 时，`AND` 运算符才返回 `true`
> + 如果其中一个表达式为 `false`，则返回 `false`
> + 否则，返回 `null`
> 

#### AND：示例

以下示例使用 `WHERE` 子句从 `employees` 表中查找 **职位为销售代表** 且 **办公室代码为 1** 的员工

```sql
mysql> SELECT lastName, firstName, jobtitle, officeCode
    -> FROM employees
    -> WHERE jobtitle = 'Sales Rep' AND officeCode = 1;
+----------+-----------+-----------+------------+
| lastName | firstName | jobtitle  | officeCode |
+----------+-----------+-----------+------------+
| Jennings | Leslie    | Sales Rep | 1          |
| Thompson | Leslie    | Sales Rep | 1          |
+----------+-----------+-----------+------------+
2 rows in set (0.00 sec)
```

以下示例使用 `WHERE` 子句从 `employees` 表中查找 **职位为销售代表** 或 **办公室代码为 1** 的员工

```sql
mysql> SELECT lastName, firstName, jobtitle, officeCode
    -> FROM employees
    -> WHERE jobtitle = 'Sales Rep' OR officeCode = 1;
+-----------+-----------+--------------------+------------+
| lastName  | firstName | jobtitle           | officeCode |
+-----------+-----------+--------------------+------------+
| Murphy    | Diane     | President          | 1          |
| Patterson | Mary      | VP Sales           | 1          |
| Firrelli  | Jeff      | VP Marketing       | 1          |
...
| Nishi     | Mami      | Sales Rep          | 5          |
| Kato      | Yoshimi   | Sales Rep          | 5          |
| Gerard    | Martin    | Sales Rep          | 4          |
+-----------+-----------+--------------------+------------+
21 rows in set (0.00 sec)
```

以下示例使用 `WHERE` 子句从 `customers` 表中查找位于 **美国加利福尼亚州 (CA)** 的客户

```sql
mysql> SELECT customername,country,state
    -> FROM customers
    -> WHERE country='USA' AND state = 'CA';
+------------------------------+---------+-------+
| customername                 | country | state |
+------------------------------+---------+-------+
| Mini Gifts Distributors Ltd. | USA     | CA    |
| Mini Wheels Co.              | USA     | CA    |
...
| West Coast Collectables Co.  | USA     | CA    |
| Signal Collectibles Ltd.     | USA     | CA    |
+------------------------------+---------+-------+
11 rows in set (0.01 sec)
```

通过使用 `AND` 运算符，您可以组合两个以上的布尔表达式。例如，以下查询返回位于美国加利福尼亚州且信用额度大于 `100K` 的客户。

```sql
mysql> SELECT customername,country,state,creditlimit
    -> FROM customers
    -> WHERE country='USA' AND state = 'CA' AND creditlimit > 100000;
+------------------------------+---------+-------+-------------+
| customername                 | country | state | creditlimit |
+------------------------------+---------+-------+-------------+
| Mini Gifts Distributors Ltd. | USA     | CA    |   210500.00 |
| Collectable Mini Designs Co. | USA     | CA    |   105000.00 |
| Corporate Gift Ideas Co.     | USA     | CA    |   105000.00 |
+------------------------------+---------+-------+-------------+
3 rows in set (0.00 sec)
```

---

MySQL/PostgreSQL 中的 `OR` 运算符是组合两个布尔表达式的逻辑运算符

```sql
expression1 OR expression2
```

下表说明了 OR 组合 $\text{TRUE}$、$\text{FALSE}$ 和 $\text{NULL}$ 时的结果

| OR        | True | False | Null |
| --------- | ---- | ----- | ---- |
| **True**  | True | True  | True |
| **False** | True | False | Null |
| **Null**  | True | Null  | Null |

> [!tip] 
> 
> + 仅当任何表达式为 `true` 时，`OR` 运算符才返回 `true`
> 
> + 如果两个表达式都为 `false`，则返回 `false`
> 
> + 否则，返回 `null`
> 

#### OR：示例

以下查询在 `WHERE` 子句中使用 `OR` 运算符来 **选择位于美国或法国的所有客户**

```sql
mysql> SELECT customername,country
    -> FROM customers
    -> WHERE country = 'USA' or country = 'France';
+------------------------------+---------+
| customername                 | country |
+------------------------------+---------+
| Atelier graphique            | France  |
| Signal Gift Stores           | USA     |
...
| Signal Collectibles Ltd.     | USA     |
| Diecast Collectables         | USA     |
+------------------------------+---------+
48 rows in set (0.00 sec)
```

以下示例使用 `OR` 运算符选择 **位于美国或法国且信用额度大于 100,000 的客户**

```sql
mysql> SELECT customername,country,creditLimit
    -> FROM customers
    -> WHERE (country = 'USA' OR country = 'France') AND creditLimit > 100000;
+------------------------------+---------+-------------+
| customername                 | country | creditLimit |
+------------------------------+---------+-------------+
| La Rochelle Gifts            | France  |   118200.00 |
| Mini Gifts Distributors Ltd. | USA     |   210500.00 |
...
| Corporate Gift Ideas Co.     | USA     |   105000.00 |
| Online Diecast Creations Co. | USA     |   114200.00 |
+------------------------------+---------+-------------+
11 rows in set (0.00 sec)
```

> [!tip] MySQL/PostgreSQL 中，AND 运算符的优先级高于 OR 运算符

### IN 和 NOT IN

`IN` 运算符允许确定某个值是否与值列表中的任何值匹配。

```sql
value IN (value1, value2, value3,...)
```

如果 `value` 等于列表 `(value1, value2, value3...)`  中的任何值，则 `IN` 运算符返回 $1$(true)。否则，返回 $0$(false)

`IN` 运算符在功能上等同于多个 `OR` 运算符的组合

```sql
value = value1 OR value = value2 OR value = value3 OR ...
```

> [!tip] 
> 
> 由于运算符 `=` 对 NULL 值无效。因此，使用 `IN` 判断 NULL 值是否在某个列表中也会失效
> 

```sql
mysql> SELECT NULL IN (1,2,3);
+-----------------+
| NULL IN (1,2,3) |
+-----------------+
|            NULL |
+-----------------+
1 row in set (0.00 sec)

mysql> SELECT 0 IN (1 , 2, 3, NULL);
+-----------------------+
| 0 IN (1 , 2, 3, NULL) |
+-----------------------+
|                  NULL |
+-----------------------+
1 row in set (0.00 sec)

mysql> SELECT NULL IN (1 , 2, 3, NULL);
+--------------------------+
| NULL IN (1 , 2, 3, NULL) |
+--------------------------+
|                     NULL |
+--------------------------+
1 row in set (0.00 sec)
```

#### 示例

以下示例使用 `IN` 运算符 **查找位于美国和法国的办事处**

```sql
mysql> SELECT officeCode, city,phone, country
    -> FROM offices
    -> WHERE country IN ('USA', 'France');
+------------+---------------+-----------------+---------+
| officeCode | city          | phone           | country |
+------------+---------------+-----------------+---------+
| 1          | San Francisco | +1 650 219 4782 | USA     |
| 2          | Boston        | +1 215 837 0825 | USA     |
| 3          | NYC           | +1 212 555 3000 | USA     |
| 4          | Paris         | +33 14 723 4404 | France  |
+------------+---------------+-----------------+---------+
4 rows in set (0.01 sec)
```


`NOT` 运算符对 `IN` 运算符求反

```sql
value NOT IN (value1, value2, value2)
```

> [!tip] 
> 
> 如果该值不等于列表中的任何值，则 `NOT IN` 运算符返回 $1$。否则，返回 $0$。
> 

从技术上讲，NOT IN 运算符等效于以下内容

```sql
NOT (value = value1 OR value = value2 OR value = valu3)
```

或者

```sql
value <> value1 AND value <> value2 AND value <> value3
```

以下示例使用 `NOT IN` 运算符 **查找不在法国和美国的办事处**

```sql
mysql> SELECT officeCode, city,phone, country
    -> FROM offices
    -> WHERE country NOT IN ('USA', 'France');
+------------+--------+------------------+-----------+
| officeCode | city   | phone            | country   |
+------------+--------+------------------+-----------+
| 5          | Tokyo  | +81 33 224 5000  | Japan     |
| 6          | Sydney | +61 2 9264 2451  | Australia |
| 7          | London | +44 20 7877 2041 | UK        |
+------------+--------+------------------+-----------+
3 rows in set (0.00 sec)
```

### BETWEEN 和 NOT BETWEEN

`BETWEEN` 运算符是一个逻辑运算符，用于指定值是否在范围内。以下是 `BETWEEN` 运算符的语法

```sql
value BETWEEN low AND high;
```

如果满足以下条件，`BETWEEN` 运算符将返回 $1$。否则，返回 $0$。

```sql
value >= low AND value <= high
```

> [!attention] 
> 
> 如果值 `low` 或 `high` 为 `NULL`，`BETWEEN` 运算符将返回 `NULL`
> 

要对 `BETWEEN` 运算符求反，可以使用 `NOT` 运算符

```sql
value NOT BETWEEN low AND high
```

`NOT BETWEEN` 运算符在以下情况下返回 $1$。否则，返回 $0$

```sql
value < low OR value > high
```

#### 示例

以下示例使用 `BETWEEN` 运算符 **查找购买价格在 $90$ 到 $100$ 之间的产品**

```sql
mysql> DESC products;
+--------------------+---------------+------+-----+---------+-------+
| Field              | Type          | Null | Key | Default | Extra |
+--------------------+---------------+------+-----+---------+-------+
| productCode        | varchar(15)   | NO   | PRI | NULL    |       |
| productName        | varchar(70)   | NO   |     | NULL    |       |
| productLine        | varchar(50)   | NO   | MUL | NULL    |       |
| productScale       | varchar(10)   | NO   |     | NULL    |       |
| productVendor      | varchar(50)   | NO   |     | NULL    |       |
| productDescription | text          | NO   |     | NULL    |       |
| quantityInStock    | smallint      | NO   |     | NULL    |       |
| buyPrice           | decimal(10,2) | NO   |     | NULL    |       |
| MSRP               | decimal(10,2) | NO   |     | NULL    |       |
+--------------------+---------------+------+-----+---------+-------+
9 rows in set (0.01 sec)

mysql> SELECT productCode,productName,buyPrice
    -> FROM products
    -> WHERE buyPrice BETWEEN 90 AND 100;
+-------------+--------------------------------------+----------+
| productCode | productName                          | buyPrice |
+-------------+--------------------------------------+----------+
| S10_1949    | 1952 Alpine Renault 1300             |    98.58 |
| S10_4698    | 2003 Harley-Davidson Eagle Drag Bike |    91.02 |
| S12_1099    | 1968 Ford Mustang                    |    95.34 |
| S12_1108    | 2001 Ferrari Enzo                    |    95.59 |
| S18_1984    | 1995 Honda Civic                     |    93.89 |
| S18_4027    | 1970 Triumph Spitfire                |    91.92 |
| S24_3856    | 1956 Porsche 356A Coupe              |    98.30 |
+-------------+--------------------------------------+----------+
7 rows in set (0.00 sec)
```

从订单表中，查找所需日期在 `01/01/2003` 到 `01/31/2003` 之间的订单：

```sql
mysql> DESC orders;
+----------------+-------------+------+-----+---------+-------+
| Field          | Type        | Null | Key | Default | Extra |
+----------------+-------------+------+-----+---------+-------+
| orderNumber    | int         | NO   | PRI | NULL    |       |
| orderDate      | date        | NO   |     | NULL    |       |
| requiredDate   | date        | NO   |     | NULL    |       |
| shippedDate    | date        | YES  |     | NULL    |       |
| status         | varchar(15) | NO   |     | NULL    |       |
| comments       | text        | YES  |     | NULL    |       |
| customerNumber | int         | NO   | MUL | NULL    |       |
+----------------+-------------+------+-----+---------+-------+
7 rows in set (0.00 sec)

mysql> SELECT orderNumber,requiredDate,status
    -> FROM orders
    -> WHERE requiredDate BETWEEN CAST('2003-01-01' AS DATE) AND CAST('2003-01-31' AS DATE);
+-------------+--------------+---------+
| orderNumber | requiredDate | status  |
+-------------+--------------+---------+
|       10100 | 2003-01-13   | Shipped |
|       10101 | 2003-01-18   | Shipped |
|       10102 | 2003-01-18   | Shipped |
+-------------+--------------+---------+
3 rows in set (0.00 sec)
```

> [!tip] 
> 
> 函数 `CAST(value AS TYPE)` 将 `value` 转换为 `TYPE` 类型
> 

### LIKE 和 NOT LIKE

`LIKE` 运算符是一个逻辑运算符，用于 **测试字符串是否包含指定模式**

```sql
expression LIKE pattern ESCAPE escape_character
```

如果 `expression` 与 `pattern` 匹配，则 `LIKE` 运算符返回 $1$。否则，返回 $0$

MySQL/PostgreSQL 提供了两种用于构建模式的通配符：**百分号(%)** 和 **下划线 ( \_)**

> [!tip] 通配符：百分号(`%`)
> 
> 匹配 **零个** 或 **多个字符** 的任何字符串
> 

> [!tip] 通配符：下划线(`_`)
> 
> 符匹配任何 **单个** 字符
> 

例如，`s%` 匹配以字符 `s` 开头的任何字符串，例如 `sun` 和 `Six`。 `se_` 匹配以 `se` 开头并后跟任何字符的任何字符串，例如 `see` 和 `sea`

> [!attention] 
> 
> 当 `pattern` 包含通配符并且希望将其视为常规字符时，可以使用 `ESCAPE` 子句
> 

MySQL/PostgreSQL 允许将 `NOT` 运算符与 `LIKE` 运算符组合起来，以查找与特定模式不匹配的字符串

```sql
expression NOT LIKE pattern ESCAPE escape_character
```

#### 示例

使用 `LIKE` 运算符查找名字以字母 `a` 开头的员工

```sql
mysql> SELECT employeeNumber,lastName,firstName
    -> FROM employees
    -> WHERE firstName LIKE 'a%';
+----------------+----------+-----------+
| employeeNumber | lastName | firstName |
+----------------+----------+-----------+
|           1143 | Bow      | Anthony   |
|           1611 | Fixter   | Andy      |
+----------------+----------+-----------+
2 rows in set (0.00 sec)
```

> [!tip] 
> **MySQL 扫描整个员工表** 以查找名字以字母 `a` 开头且后跟任意数量字符的员工
> 

此示例使用 `LIKE` 运算符 **查找姓氏以字符串  `"no"`  结尾的员工**，例如 `Patterson`、`Thompson`

```sql
mysql> SELECT employeeNumber,lastName,firstName
    -> FROM employees
    -> WHERE lastName LIKE '%on';
+----------------+-----------+-----------+
| employeeNumber | lastName  | firstName |
+----------------+-----------+-----------+
|           1056 | Patterson | Mary      |
|           1088 | Patterson | William   |
|           1166 | Thompson  | Leslie    |
|           1216 | Patterson | Steve     |
+----------------+-----------+-----------+
4 rows in set (0.00 sec)
```

要 **检查字符串是否包含子字符串**，可以在子字符串的开头和结尾使用百分比 (`%`) 通配符。以下查询使用 `LIKE` 运算符查找姓氏包含子字符串 `"on"` 的所有员工

```sql
mysql> SELECT employeeNumber,lastName,firstName
    -> FROM employees
    -> WHERE lastName LIKE '%on%';
+----------------+-----------+-----------+
| employeeNumber | lastName  | firstName |
+----------------+-----------+-----------+
|           1056 | Patterson | Mary      |
|           1088 | Patterson | William   |
...
|           1337 | Bondur    | Loui      |
|           1504 | Jones     | Barry     |
+----------------+-----------+-----------+
7 rows in set (0.00 sec)
```

假设要 **搜索姓氏不以字母 B 开头的员工**，可以使用 `NOT LIKE` 运算符，如下所示

```sql
mysql> SELECT employeeNumber,lastName,firstName
    -> FROM employees
    -> WHERE lastName NOT LIKE 'B%';
+----------------+-----------+-----------+
| employeeNumber | lastName  | firstName |
+----------------+-----------+-----------+
|           1002 | Murphy    | Diane     |
|           1056 | Patterson | Mary      |
...
|           1625 | Kato      | Yoshimi   |
|           1702 | Gerard    | Martin    |
+----------------+-----------+-----------+
19 rows in set (0.00 sec)
```

**有时该模式可能包含通配符**，例如 `10%` `_20` 等。在这种情况下，可以使用 `ESCAPE` 子句指定转义字符，以便 `LIKE` 运算符将通配符解释为普通字符

> [!tip] `\` 是默认的转义字符
> 
> 如果没有显式指定转义字符，则反斜杠字符 `(\)` 是默认的转义字符
> 

例如，如果要查找产品代码包含字符串 `_20` 的产品，可以使用模式 `%\_20%` 

```sql
mysql> SELECT productCode,productName
    -> FROM products
    -> WHERE productCode LIKE '%\_20%';  -- \ 默认的转义字符
+-------------+-------------------------------------------+
| productCode | productName                               |
+-------------+-------------------------------------------+
| S10_2016    | 1996 Moto Guzzi 1100i                     |
| S24_2000    | 1960 BSA Gold Star DBD34                  |
| S24_2011    | 18th century schooner                     |
| S24_2022    | 1938 Cadillac V-16 Presidential Limousine |
| S700_2047   | HMS Bounty                                |
+-------------+-------------------------------------------+
5 rows in set (0.00 sec)
```

也以使用 `ESCAPE` 子句指定不同的转义字符

```sql
mysql> SELECT productCode,productName
    -> FROM products
    -> WHERE productCode LIKE '%$_20%' ESCAPE '$'; -- 指定 $ 为转义字符
+-------------+-------------------------------------------+
| productCode | productName                               |
+-------------+-------------------------------------------+
| S10_2016    | 1996 Moto Guzzi 1100i                     |
| S24_2000    | 1960 BSA Gold Star DBD34                  |
| S24_2011    | 18th century schooner                     |
| S24_2022    | 1938 Cadillac V-16 Presidential Limousine |
| S700_2047   | HMS Bounty                                |
+-------------+-------------------------------------------+
5 rows in set (0.00 sec)
```

### IS NULL 和 IS NOT NULL

在数据库世界中，**NULL 意味着缺少信息或不适用**。 NULL 不是一个值，因此，不能将其与数字或字符串等其他值进行比较

> [!tip]
> 
> 将 NULL 与值进行比较将始终导致 NULL。 此外，NULL 不等于 NULL
> 

> [!attention] 
> 
> **若要检查值是否为 NULL**，不能使用等于 (`=`)  或不等于 (`<>`) 运算符。相反， **使用 `IS NULL` 运算符**
> 

以下是 `IS NULL` 运算符的基本语法：

```sql
value IS NULL
```

> [!tip] 如果 `value` 为 NULL，则 `IS NULL` 运算符返回 `true`，否则返回 `false`

要否定 `IS NULL` 运算符，请使用 `IS NOT NULL` 运算符

```sql
value IS NOT NULL
```

> [!tip] 如果 `value` 不为 NULL，则 `IS NOT NULL` 运算符返回 `true`，否则返回 `false`

#### 示例

以下查询使用 `IS NULL` 运算符 **查找没有销售代表的客户**

```sql
mysql> SELECT customerName,country,salesrepemployeenumber as saleRepNum
    -> FROM customers
    -> WHERE salesrepemployeenumber IS NULL
    -> ORDER BY customerName;
+--------------------------------+--------------+------------+
| customerName                   | country      | saleRepNum |
+--------------------------------+--------------+------------+
| ANG Resellers                  | Spain        |       NULL |
| Anton Designs, Ltd.            | Spain        |       NULL |
...
| Stuttgart Collectable Exchange | Germany      |       NULL |
| Warburg Exchange               | Germany      |       NULL |
+--------------------------------+--------------+------------+
22 rows in set (0.00 sec)
```

## LIMIT

MySQL/PostgreSQL 中的 `LIMIT` 是 `SELECT` 语句的可选子句，**用于限制查询返回的行**数。

```sql
SELECT
  select_columns_list
FROM
  table_name
ORDER BY
  sort_expression
LIMIT
  row_count;
```

> [!tip] 
> 
> 该语句返回查询生成的 `row_count` 行
> + 如果 `row_count` 为零，则查询返回空集
> + 如果 `row_count` 为 `NULL`，则查询将返回与没有 `LIMIT` 子句相同的结果集
> 

如果要在返回 `row_count` 行之前 **跳过一些行**，可以使用放在 `LIMIT` 子句之后的 `OFFSET` 子句：

```sql
SELECT
  select_columns_list
FROM
  table_name
ORDER BY
  sort_expression
LIMIT
  row_count    -- 然后，返回 row_count 行
OFFSET
  row_to_skip;  -- 首先，跳过 row_to_skip 行
```

> [!tip] 
> 
> 该语句 **首先跳过** `row_to_skip` 行，然后返回查询 **生成** 的 `row_count` 行
> 
> 如果 `row_to_skip` 为零，则该语句将像没有 `OFFSET` 子句一样工作
> 

> [!attention] 
> 
> 需要注意的是，PostgreSQL 在 `LIMIT` 子句之前计算 `OFFSET` 子句。即，**先计算 OFFSET 子句，后计算 LIMIT 子句**
> 

对于 MySQL 中的 LIMIT 子句，与 PostgreSQL 存在一些不同

```sql
SELECT 
    select_columns_list
FROM
    table_name
LIMIT [row_to_skip,] row_count;
```

下图说明了 LIMIT 子句

![[Pasted image 20241227181953.png]]

默认情况下，`SELECT` 语句以未指定的顺序返回行。当将 `LIMIT` 子句添加到 `SELECT` 语句时，返回的行是不可预测的。因此，为了确保 `LIMIT` 子句返回预期的输出，应该始终将其与 `ORDER BY` 子句一起使用，如下所示：

```sql
SELECT 
    select_columns_list
FROM 
    table_name
ORDER BY 
    sort_expression
LIMIT 
	row_count
OFFSET
	row_to_skip;
```

下图说明了 SELECT 语句中 LIMIT 子句的计算顺序

![[Pasted image 20241227182220.png]]

### 示例

使用 LIMIT 子句来 **获取信用最高的前 $5$ 位客户**

```sql
mysql> SELECT customerNumber,customerName,creditLimit
    -> FROM customers
    -> ORDER BY creditLimit DESC  -- 按照信用降序排列
    -> LIMIT 5;
+----------------+------------------------------+-------------+
| customerNumber | customerName                 | creditLimit |
+----------------+------------------------------+-------------+
|            141 | Euro+ Shopping Channel       |   227600.00 |
|            124 | Mini Gifts Distributors Ltd. |   210500.00 |
|            298 | Vida Sport, Ltd              |   141300.00 |
|            151 | Muscle Machine Inc           |   138500.00 |
|            187 | AV Stores, Co.               |   136800.00 |
+----------------+------------------------------+-------------+
5 rows in set (0.00 sec)
```

## FETCH：PostgreSQL独有

要跳过一定数量的行并检索特定数量的行，通常在 `SELECT` 语句中使用 `LIMIT` 子句。

`LIMIT`子句被许多关系数据库管理系统广泛使用，例如 MySQL、H2 和 HSQLDB。但是， **LIMIT 子句不是 SQL 标准**

> [!attention] 
> 
> LIMIT 子句不是 SQL 标准
> 

为了符合 SQL 标准，PostgreSQL 支持 `FETCH` 子句来跳过一定数量的行，然后获取特定数量的行。

> [!tip] 
> 
> `FETCH`子句是在 SQL:2008 中作为 SQL 标准的一部分引入的。
> 

下面说明了 PostgreSQL `FETCH` 子句的语法：

```sql
OFFSET 
	row_to_skip { ROW | ROWS }  -- 指定跳过的行数，默认为 0
FETCH 
	{ FIRST | NEXT } [ row_count ] { ROW | ROWS } ONLY  -- 指定选择的行数，默认为 1
```

> [!tip] 
> 
> + `FIRST` 和 `NEXT` 是同义词
> + `ROW` 和 `ROWS` 也是同义词
> 

> [!attention] 
> 
> 请注意，在 SQL:2008 中， **`OFFSET` 子句必须位于 `FETCH` 子句之前**
> 
> 但是， `OFFSET` 和 `FETCH`子句可以在 PostgreSQL 中以任何顺序出现
> 

### 示例

使用 FETCH 子句来 **获取信用最高的前 $5$ 位客户

```sql
classicmodels=# SELECT "customerNumber","customerName","creditLimit" FROM customers ORDER BY "creditLimit" DESC OFFSET 0
 FETCH FIRST 5 ROWS ONLY;
 customerNumber |         customerName         | creditLimit
----------------+------------------------------+-------------
            141 | Euro+ Shopping Channel       |   227600.00
            124 | Mini Gifts Distributors Ltd. |   210500.00
            298 | Vida Sport, Ltd              |   141300.00
            151 | Muscle Machine Inc           |   138500.00
            187 | AV Stores, Co.               |   136800.00
(5 行记录)
```
